id,disease,trait,age,sex,cov1
1,1,5.45,61,0,3.947759744793869
2,1,5.61,50,1,5.581908847436407
3,0,3.1,54,0,5.878621776456859
4,1,6.22,48,1,4.873319013042032
5,1,5.42,49,0,4.944003914672326
6,0,6.22,50,1,7.046824357080752
7,1,7.19,53,0,4.929794578640266
8,0,7.75,52,1,4.162045470958567
9,1,6.08,49,0,6.000086762127938
10,0,6.8,56,1,4.58482256874324
11,0,6.03,47,0,3.48774771645075
12,0,5.35,47,1,5.282960707973638
13,1,5.66,59,0,5.148126702991307
14,0,7.86,50,1,4.674459097708801
15,0,5.09,52,0,4.449510286267913
16,1,6.68,51,1,4.2770333735107124
17,1,5.05,48,0,4.560729905054143
18,1,6.48,42,1,4.909888500866506
19,0,6.32,49,0,5.749629370653905
